title,company,department,location,posted_date,job_link,job_id
Not specified,IBM,Software Engineering,"BANGALORE, IN",Not specified,,
Not specified,IBM,Infrastructure & Technology,Multiple Cities,Not specified,,
Not specified,IBM,Sales,"PETALING JAYA, MY",Not specified,,
Not specified,IBM,Project Management,"Tokyo, JP",Not specified,,
Not specified,IBM,Consulting,"Mumbai, IN",Not specified,,
Not specified,IBM,Enterprise Operations,"BANGALORE, IN",Not specified,,
Not specified,IBM,Software Engineering,"Giza, EG",Not specified,,
Not specified,IBM,Sales,Multiple Cities,Not specified,,
Not specified,IBM,Consulting,"BANGALORE, IN",Not specified,,
Not specified,IBM,Enterprise Operations,"Tokyo, JP",Not specified,,
Not specified,IBM,Infrastructure & Technology,"Mysore, IN",Not specified,,
Not specified,IBM,Enterprise Operations,"BANGALORE, IN",Not specified,,
Not specified,IBM,Sales,"Capital Federal, AR",Not specified,,
Not specified,IBM,Software Engineering,"BANGALORE, IN",Not specified,,
Not specified,IBM,Sales,"BANGALORE, IN",Not specified,,
Not specified,IBM,Infrastructure & Technology,"Tokyo, JP",Not specified,,
Not specified,IBM,Consulting,"Taguig City, PH",Not specified,,
Not specified,IBM,Infrastructure & Technology,"BANGALORE, IN",Not specified,,
Not specified,IBM,Consulting,"Pune, IN",Not specified,,
Not specified,IBM,Consulting,Multiple Cities,Not specified,,
Not specified,IBM,Software Engineering,Multiple Cities,Not specified,,
Not specified,IBM,Consulting,Multiple Cities,Not specified,,
Not specified,IBM,Data & Analytics,"Cairo, EG",Not specified,,
Not specified,IBM,Enterprise Operations,"QUEZON CITY, PH",Not specified,,
Not specified,IBM,Consulting,"BANGKOK, TH",Not specified,,
Not specified,IBM,Consulting,"Tokyo, JP",Not specified,,
Not specified,IBM,Project Management,"Tokyo, JP",Not specified,,
Not specified,IBM,Software Engineering,"Markham, CA",Not specified,,
Not specified,IBM,Consulting,Multiple Cities,Not specified,,
Not specified,IBM,Consulting,"BANGALORE, IN",Not specified,,
